-- Users (Managers)
INSERT INTO app_user (id, name, email, role) VALUES ('7a990dd9-d6a2-412c-b400-3e52a7f20ec2','Alex Manager','alex.manager@example.com','MANAGER');
INSERT INTO app_user (id, name, email, role) VALUES ('5d519c5f-5c6a-4a85-8bf7-dda228e329b0','Jordan Lead','jordan.lead@example.com','MANAGER');

-- Users (Reps)
INSERT INTO app_user (id, name, email, role, manager_id) VALUES ('7a7f2301-9580-4183-884f-b7b693877aed','Sam Rep','sam.rep@example.com','REP','7a990dd9-d6a2-412c-b400-3e52a7f20ec2');
INSERT INTO app_user (id, name, email, role, manager_id) VALUES ('1fe1e753-d12f-427b-a089-bd9b7a931df6','Taylor Rep','taylor.rep@example.com','REP','7a990dd9-d6a2-412c-b400-3e52a7f20ec2');
INSERT INTO app_user (id, name, email, role, manager_id) VALUES ('5708481d-a67f-4691-b09f-5d73861362fb','Riley Rep','riley.rep@example.com','REP','5d519c5f-5c6a-4a85-8bf7-dda228e329b0');
INSERT INTO app_user (id, name, email, role, manager_id) VALUES ('c4b3bb99-be34-4cd2-b646-5260a3858a1e','Casey Rep','casey.rep@example.com','REP','5d519c5f-5c6a-4a85-8bf7-dda228e329b0');

-- Accounts
INSERT INTO account (id, name, segment, region) VALUES ('c411ab67-2bc5-47c8-bcc6-be7d9d8ca4d4','Acme Corp','Enterprise','West');
INSERT INTO account (id, name, segment, region) VALUES ('a3b1a01f-73a4-444e-a44e-f10a62b80cc5','Globex Inc','Mid-Market','Central');
INSERT INTO account (id, name, segment, region) VALUES ('fcb74476-702d-4fc7-a003-b128ae10cb73','Stark Industries','Enterprise','West');
INSERT INTO account (id, name, segment, region) VALUES ('49dd9540-bcb2-4b51-8df2-fa231ffe9746','Wayne Enterprises','Enterprise','East');
INSERT INTO account (id, name, segment, region) VALUES ('138920bc-91d3-45df-b69f-00c8f994b47a','Hooli','SMB','West');

-- Milestone Templates
INSERT INTO milestone_template (id, name, weight, order_index) VALUES ('e9bc7da7-1292-4e04-921d-2b60355d8838','Kick-off',1.0,1);
INSERT INTO milestone_template (id, name, weight, order_index) VALUES ('b9f08006-fc9a-4cf2-9439-31e4b03b356f','Workflow Design',1.0,2);
INSERT INTO milestone_template (id, name, weight, order_index) VALUES ('6074a567-5f26-4b31-b7aa-269c624dfd1e','Content Strategy',0.8,3);
INSERT INTO milestone_template (id, name, weight, order_index) VALUES ('c617d6fb-6d7b-4eff-ad42-faed241227ad','CRM Integration',1.2,4);
INSERT INTO milestone_template (id, name, weight, order_index) VALUES ('04767d72-d4ab-403e-a790-664cc32ba694','Data Migration',1.2,5);
INSERT INTO milestone_template (id, name, weight, order_index) VALUES ('7c157da1-d489-4cc0-962e-04ff7ba86c4f','Governance',0.8,6);
INSERT INTO milestone_template (id, name, weight, order_index) VALUES ('8d769dd1-2f6f-4860-965e-31466f25a43d','Change Readiness',0.6,7);
INSERT INTO milestone_template (id, name, weight, order_index) VALUES ('0a85366c-f9fd-4c4c-83b5-6fd783297cfd','User Training',0.8,8);
INSERT INTO milestone_template (id, name, weight, order_index) VALUES ('e6ff5fa2-5371-4294-a246-04ee9204999c','Office Hours',0.4,9);
INSERT INTO milestone_template (id, name, weight, order_index) VALUES ('55eb13d9-17dd-408c-9eca-ff3c9dd842bb','Manager Training',0.6,10);
INSERT INTO milestone_template (id, name, weight, order_index) VALUES ('223f8970-8354-433d-b4ba-0880cbfd428c','Admin Training',0.6,11);
INSERT INTO milestone_template (id, name, weight, order_index) VALUES ('299be52d-fc3f-46e7-b931-77d851652fb4','Meet Add-On',0.5,12);
INSERT INTO milestone_template (id, name, weight, order_index) VALUES ('e2f319b6-cf92-4a7c-a23d-34596af5ab01','Deal Add-On',0.5,13);
INSERT INTO milestone_template (id, name, weight, order_index) VALUES ('ea3e093c-c1a4-4fef-b287-549bbb406d26','Forecast Add-On',0.5,14);

-- Engagements
INSERT INTO engagement (id, account_id, owner_user_id, name, status, health, priority, start_date, target_launch_date) VALUES ('03bc3a4e-20e4-4e66-94d0-68603781e1a6','c411ab67-2bc5-47c8-bcc6-be7d9d8ca4d4','7a7f2301-9580-4183-884f-b7b693877aed','Acme Corp - Onboarding','ON_HOLD','GREEN',5,'2025-07-08','2025-09-13');
INSERT INTO engagement (id, account_id, owner_user_id, name, status, health, priority, start_date, target_launch_date) VALUES ('8c5e99bd-91d5-449e-81fe-cf15b31fa648','a3b1a01f-73a4-444e-a44e-f10a62b80cc5','1fe1e753-d12f-427b-a089-bd9b7a931df6','Globex Inc - Onboarding','ON_HOLD','GREEN',4,'2025-07-18','2025-09-18');
INSERT INTO engagement (id, account_id, owner_user_id, name, status, health, priority, start_date, target_launch_date) VALUES ('00eefd10-9971-4b9f-8860-5e4451e8fc04','fcb74476-702d-4fc7-a003-b128ae10cb73','5708481d-a67f-4691-b09f-5d73861362fb','Stark Industries - Onboarding','STALLED','YELLOW',5,'2025-07-07','2025-09-22');
INSERT INTO engagement (id, account_id, owner_user_id, name, status, health, priority, start_date, target_launch_date) VALUES ('3db7a704-b54c-4771-9bed-550ca3dc7a36','49dd9540-bcb2-4b51-8df2-fa231ffe9746','c4b3bb99-be34-4cd2-b646-5260a3858a1e','Wayne Enterprises - Onboarding','STALLED','RED',5,'2025-07-18','2025-09-21');
INSERT INTO engagement (id, account_id, owner_user_id, name, status, health, priority, start_date, target_launch_date) VALUES ('7d9a7e76-16c1-48c9-937b-2fc6948353fa','138920bc-91d3-45df-b69f-00c8f994b47a','7a7f2301-9580-4183-884f-b7b693877aed','Hooli - Onboarding','NEW','YELLOW',2,'2025-07-01','2025-09-04');

-- Engagement Milestones
INSERT INTO engagement_milestone (engagement_id, template_id, stage, owner_user_id, due_date) VALUES ('03bc3a4e-20e4-4e66-94d0-68603781e1a6','e9bc7da7-1292-4e04-921d-2b60355d8838','NOT_STARTED','7a7f2301-9580-4183-884f-b7b693877aed','2025-07-15');
INSERT INTO engagement_milestone (engagement_id, template_id, stage, owner_user_id, due_date) VALUES ('03bc3a4e-20e4-4e66-94d0-68603781e1a6','b9f08006-fc9a-4cf2-9439-31e4b03b356f','NOT_STARTED','7a7f2301-9580-4183-884f-b7b693877aed','2025-07-22');
INSERT INTO engagement_milestone (engagement_id, template_id, stage, owner_user_id, due_date) VALUES ('03bc3a4e-20e4-4e66-94d0-68603781e1a6','6074a567-5f26-4b31-b7aa-269c624dfd1e','INITIAL_CALL','5708481d-a67f-4691-b09f-5d73861362fb','2025-07-29');
INSERT INTO engagement_milestone (engagement_id, template_id, stage, owner_user_id, due_date) VALUES ('03bc3a4e-20e4-4e66-94d0-68603781e1a6','c617d6fb-6d7b-4eff-ad42-faed241227ad','INITIAL_CALL','5708481d-a67f-4691-b09f-5d73861362fb','2025-08-05');
INSERT INTO engagement_milestone (engagement_id, template_id, stage, owner_user_id, due_date) VALUES ('03bc3a4e-20e4-4e66-94d0-68603781e1a6','04767d72-d4ab-403e-a790-664cc32ba694','WORKSHOP','1fe1e753-d12f-427b-a089-bd9b7a931df6','2025-08-12');
INSERT INTO engagement_milestone (engagement_id, template_id, stage, owner_user_id, due_date) VALUES ('03bc3a4e-20e4-4e66-94d0-68603781e1a6','7c157da1-d489-4cc0-962e-04ff7ba86c4f','WORKSHOP','5708481d-a67f-4691-b09f-5d73861362fb','2025-08-19');
INSERT INTO engagement_milestone (engagement_id, template_id, stage, owner_user_id, due_date) VALUES ('03bc3a4e-20e4-4e66-94d0-68603781e1a6','8d769dd1-2f6f-4860-965e-31466f25a43d','WORKSHOP','c4b3bb99-be34-4cd2-b646-5260a3858a1e','2025-08-26');
INSERT INTO engagement_milestone (engagement_id, template_id, stage, owner_user_id, due_date) VALUES ('03bc3a4e-20e4-4e66-94d0-68603781e1a6','0a85366c-f9fd-4c4c-83b5-6fd783297cfd','WORKSHOP','5708481d-a67f-4691-b09f-5d73861362fb','2025-09-02');
INSERT INTO engagement_milestone (engagement_id, template_id, stage, owner_user_id, due_date) VALUES ('03bc3a4e-20e4-4e66-94d0-68603781e1a6','e6ff5fa2-5371-4294-a246-04ee9204999c','NOT_STARTED','c4b3bb99-be34-4cd2-b646-5260a3858a1e','2025-09-09');
INSERT INTO engagement_milestone (engagement_id, template_id, stage, owner_user_id, due_date) VALUES ('03bc3a4e-20e4-4e66-94d0-68603781e1a6','55eb13d9-17dd-408c-9eca-ff3c9dd842bb','COMPLETED','5708481d-a67f-4691-b09f-5d73861362fb','2025-09-16');
INSERT INTO engagement_milestone (engagement_id, template_id, stage, owner_user_id, due_date) VALUES ('03bc3a4e-20e4-4e66-94d0-68603781e1a6','223f8970-8354-433d-b4ba-0880cbfd428c','COMPLETED','c4b3bb99-be34-4cd2-b646-5260a3858a1e','2025-09-23');
INSERT INTO engagement_milestone (engagement_id, template_id, stage, owner_user_id, due_date) VALUES ('03bc3a4e-20e4-4e66-94d0-68603781e1a6','299be52d-fc3f-46e7-b931-77d851652fb4','COMPLETED','1fe1e753-d12f-427b-a089-bd9b7a931df6','2025-09-30');
INSERT INTO engagement_milestone (engagement_id, template_id, stage, owner_user_id, due_date) VALUES ('03bc3a4e-20e4-4e66-94d0-68603781e1a6','e2f319b6-cf92-4a7c-a23d-34596af5ab01','INITIAL_CALL','c4b3bb99-be34-4cd2-b646-5260a3858a1e','2025-10-07');
INSERT INTO engagement_milestone (engagement_id, template_id, stage, owner_user_id, due_date) VALUES ('03bc3a4e-20e4-4e66-94d0-68603781e1a6','ea3e093c-c1a4-4fef-b287-549bbb406d26','COMPLETED','c4b3bb99-be34-4cd2-b646-5260a3858a1e','2025-10-14');
INSERT INTO engagement_milestone (engagement_id, template_id, stage, owner_user_id, due_date) VALUES ('8c5e99bd-91d5-449e-81fe-cf15b31fa648','e9bc7da7-1292-4e04-921d-2b60355d8838','NOT_STARTED','1fe1e753-d12f-427b-a089-bd9b7a931df6','2025-07-25');
INSERT INTO engagement_milestone (engagement_id, template_id, stage, owner_user_id, due_date) VALUES ('8c5e99bd-91d5-449e-81fe-cf15b31fa648','b9f08006-fc9a-4cf2-9439-31e4b03b356f','NOT_STARTED','1fe1e753-d12f-427b-a089-bd9b7a931df6','2025-08-01');
INSERT INTO engagement_milestone (engagement_id, template_id, stage, owner_user_id, due_date) VALUES ('8c5e99bd-91d5-449e-81fe-cf15b31fa648','6074a567-5f26-4b31-b7aa-269c624dfd1e','COMPLETED','c4b3bb99-be34-4cd2-b646-5260a3858a1e','2025-08-08');
INSERT INTO engagement_milestone (engagement_id, template_id, stage, owner_user_id, due_date) VALUES ('8c5e99bd-91d5-449e-81fe-cf15b31fa648','c617d6fb-6d7b-4eff-ad42-faed241227ad','INITIAL_CALL','1fe1e753-d12f-427b-a089-bd9b7a931df6','2025-08-15');
INSERT INTO engagement_milestone (engagement_id, template_id, stage, owner_user_id, due_date) VALUES ('8c5e99bd-91d5-449e-81fe-cf15b31fa648','04767d72-d4ab-403e-a790-664cc32ba694','INITIAL_CALL','1fe1e753-d12f-427b-a089-bd9b7a931df6','2025-08-22');
INSERT INTO engagement_milestone (engagement_id, template_id, stage, owner_user_id, due_date) VALUES ('8c5e99bd-91d5-449e-81fe-cf15b31fa648','7c157da1-d489-4cc0-962e-04ff7ba86c4f','WORKSHOP','c4b3bb99-be34-4cd2-b646-5260a3858a1e','2025-08-29');
INSERT INTO engagement_milestone (engagement_id, template_id, stage, owner_user_id, due_date) VALUES ('8c5e99bd-91d5-449e-81fe-cf15b31fa648','8d769dd1-2f6f-4860-965e-31466f25a43d','INITIAL_CALL','1fe1e753-d12f-427b-a089-bd9b7a931df6','2025-09-05');
INSERT INTO engagement_milestone (engagement_id, template_id, stage, owner_user_id, due_date) VALUES ('8c5e99bd-91d5-449e-81fe-cf15b31fa648','0a85366c-f9fd-4c4c-83b5-6fd783297cfd','WORKSHOP','7a7f2301-9580-4183-884f-b7b693877aed','2025-09-12');
INSERT INTO engagement_milestone (engagement_id, template_id, stage, owner_user_id, due_date) VALUES ('8c5e99bd-91d5-449e-81fe-cf15b31fa648','e6ff5fa2-5371-4294-a246-04ee9204999c','COMPLETED','7a7f2301-9580-4183-884f-b7b693877aed','2025-09-19');
INSERT INTO engagement_milestone (engagement_id, template_id, stage, owner_user_id, due_date) VALUES ('8c5e99bd-91d5-449e-81fe-cf15b31fa648','55eb13d9-17dd-408c-9eca-ff3c9dd842bb','COMPLETED','7a7f2301-9580-4183-884f-b7b693877aed','2025-09-26');
INSERT INTO engagement_milestone (engagement_id, template_id, stage, owner_user_id, due_date) VALUES ('8c5e99bd-91d5-449e-81fe-cf15b31fa648','223f8970-8354-433d-b4ba-0880cbfd428c','COMPLETED','c4b3bb99-be34-4cd2-b646-5260a3858a1e','2025-10-03');
INSERT INTO engagement_milestone (engagement_id, template_id, stage, owner_user_id, due_date) VALUES ('8c5e99bd-91d5-449e-81fe-cf15b31fa648','299be52d-fc3f-46e7-b931-77d851652fb4','COMPLETED','5708481d-a67f-4691-b09f-5d73861362fb','2025-10-10');
INSERT INTO engagement_milestone (engagement_id, template_id, stage, owner_user_id, due_date) VALUES ('8c5e99bd-91d5-449e-81fe-cf15b31fa648','e2f319b6-cf92-4a7c-a23d-34596af5ab01','INITIAL_CALL','7a7f2301-9580-4183-884f-b7b693877aed','2025-10-17');
INSERT INTO engagement_milestone (engagement_id, template_id, stage, owner_user_id, due_date) VALUES ('8c5e99bd-91d5-449e-81fe-cf15b31fa648','ea3e093c-c1a4-4fef-b287-549bbb406d26','COMPLETED','c4b3bb99-be34-4cd2-b646-5260a3858a1e','2025-10-24');
INSERT INTO engagement_milestone (engagement_id, template_id, stage, owner_user_id, due_date) VALUES ('00eefd10-9971-4b9f-8860-5e4451e8fc04','e9bc7da7-1292-4e04-921d-2b60355d8838','NOT_STARTED','1fe1e753-d12f-427b-a089-bd9b7a931df6','2025-07-14');
INSERT INTO engagement_milestone (engagement_id, template_id, stage, owner_user_id, due_date) VALUES ('00eefd10-9971-4b9f-8860-5e4451e8fc04','b9f08006-fc9a-4cf2-9439-31e4b03b356f','NOT_STARTED','c4b3bb99-be34-4cd2-b646-5260a3858a1e','2025-07-21');
INSERT INTO engagement_milestone (engagement_id, template_id, stage, owner_user_id, due_date) VALUES ('00eefd10-9971-4b9f-8860-5e4451e8fc04','6074a567-5f26-4b31-b7aa-269c624dfd1e','INITIAL_CALL','5708481d-a67f-4691-b09f-5d73861362fb','2025-07-28');
INSERT INTO engagement_milestone (engagement_id, template_id, stage, owner_user_id, due_date) VALUES ('00eefd10-9971-4b9f-8860-5e4451e8fc04','c617d6fb-6d7b-4eff-ad42-faed241227ad','INITIAL_CALL','5708481d-a67f-4691-b09f-5d73861362fb','2025-08-04');
INSERT INTO engagement_milestone (engagement_id, template_id, stage, owner_user_id, due_date) VALUES ('00eefd10-9971-4b9f-8860-5e4451e8fc04','04767d72-d4ab-403e-a790-664cc32ba694','INITIAL_CALL','5708481d-a67f-4691-b09f-5d73861362fb','2025-08-11');
INSERT INTO engagement_milestone (engagement_id, template_id, stage, owner_user_id, due_date) VALUES ('00eefd10-9971-4b9f-8860-5e4451e8fc04','7c157da1-d489-4cc0-962e-04ff7ba86c4f','WORKSHOP','c4b3bb99-be34-4cd2-b646-5260a3858a1e','2025-08-18');
INSERT INTO engagement_milestone (engagement_id, template_id, stage, owner_user_id, due_date) VALUES ('00eefd10-9971-4b9f-8860-5e4451e8fc04','8d769dd1-2f6f-4860-965e-31466f25a43d','WORKSHOP','7a7f2301-9580-4183-884f-b7b693877aed','2025-08-25');
INSERT INTO engagement_milestone (engagement_id, template_id, stage, owner_user_id, due_date) VALUES ('00eefd10-9971-4b9f-8860-5e4451e8fc04','0a85366c-f9fd-4c4c-83b5-6fd783297cfd','WORKSHOP','1fe1e753-d12f-427b-a089-bd9b7a931df6','2025-09-01');
INSERT INTO engagement_milestone (engagement_id, template_id, stage, owner_user_id, due_date) VALUES ('00eefd10-9971-4b9f-8860-5e4451e8fc04','e6ff5fa2-5371-4294-a246-04ee9204999c','COMPLETED','5708481d-a67f-4691-b09f-5d73861362fb','2025-09-08');
INSERT INTO engagement_milestone (engagement_id, template_id, stage, owner_user_id, due_date) VALUES ('00eefd10-9971-4b9f-8860-5e4451e8fc04','55eb13d9-17dd-408c-9eca-ff3c9dd842bb','COMPLETED','5708481d-a67f-4691-b09f-5d73861362fb','2025-09-15');
INSERT INTO engagement_milestone (engagement_id, template_id, stage, owner_user_id, due_date) VALUES ('00eefd10-9971-4b9f-8860-5e4451e8fc04','223f8970-8354-433d-b4ba-0880cbfd428c','COMPLETED','7a7f2301-9580-4183-884f-b7b693877aed','2025-09-22');
INSERT INTO engagement_milestone (engagement_id, template_id, stage, owner_user_id, due_date) VALUES ('00eefd10-9971-4b9f-8860-5e4451e8fc04','299be52d-fc3f-46e7-b931-77d851652fb4','COMPLETED','7a7f2301-9580-4183-884f-b7b693877aed','2025-09-29');
INSERT INTO engagement_milestone (engagement_id, template_id, stage, owner_user_id, due_date) VALUES ('00eefd10-9971-4b9f-8860-5e4451e8fc04','e2f319b6-cf92-4a7c-a23d-34596af5ab01','COMPLETED','1fe1e753-d12f-427b-a089-bd9b7a931df6','2025-10-06');
INSERT INTO engagement_milestone (engagement_id, template_id, stage, owner_user_id, due_date) VALUES ('00eefd10-9971-4b9f-8860-5e4451e8fc04','ea3e093c-c1a4-4fef-b287-549bbb406d26','COMPLETED','5708481d-a67f-4691-b09f-5d73861362fb','2025-10-13');
INSERT INTO engagement_milestone (engagement_id, template_id, stage, owner_user_id, due_date) VALUES ('3db7a704-b54c-4771-9bed-550ca3dc7a36','e9bc7da7-1292-4e04-921d-2b60355d8838','NOT_STARTED','7a7f2301-9580-4183-884f-b7b693877aed','2025-07-25');
INSERT INTO engagement_milestone (engagement_id, template_id, stage, owner_user_id, due_date) VALUES ('3db7a704-b54c-4771-9bed-550ca3dc7a36','b9f08006-fc9a-4cf2-9439-31e4b03b356f','NOT_STARTED','1fe1e753-d12f-427b-a089-bd9b7a931df6','2025-08-01');
INSERT INTO engagement_milestone (engagement_id, template_id, stage, owner_user_id, due_date) VALUES ('3db7a704-b54c-4771-9bed-550ca3dc7a36','6074a567-5f26-4b31-b7aa-269c624dfd1e','INITIAL_CALL','7a7f2301-9580-4183-884f-b7b693877aed','2025-08-08');
INSERT INTO engagement_milestone (engagement_id, template_id, stage, owner_user_id, due_date) VALUES ('3db7a704-b54c-4771-9bed-550ca3dc7a36','c617d6fb-6d7b-4eff-ad42-faed241227ad','INITIAL_CALL','5708481d-a67f-4691-b09f-5d73861362fb','2025-08-15');
INSERT INTO engagement_milestone (engagement_id, template_id, stage, owner_user_id, due_date) VALUES ('3db7a704-b54c-4771-9bed-550ca3dc7a36','04767d72-d4ab-403e-a790-664cc32ba694','INITIAL_CALL','7a7f2301-9580-4183-884f-b7b693877aed','2025-08-22');
INSERT INTO engagement_milestone (engagement_id, template_id, stage, owner_user_id, due_date) VALUES ('3db7a704-b54c-4771-9bed-550ca3dc7a36','7c157da1-d489-4cc0-962e-04ff7ba86c4f','WORKSHOP','c4b3bb99-be34-4cd2-b646-5260a3858a1e','2025-08-29');
INSERT INTO engagement_milestone (engagement_id, template_id, stage, owner_user_id, due_date) VALUES ('3db7a704-b54c-4771-9bed-550ca3dc7a36','8d769dd1-2f6f-4860-965e-31466f25a43d','WORKSHOP','5708481d-a67f-4691-b09f-5d73861362fb','2025-09-05');
INSERT INTO engagement_milestone (engagement_id, template_id, stage, owner_user_id, due_date) VALUES ('3db7a704-b54c-4771-9bed-550ca3dc7a36','0a85366c-f9fd-4c4c-83b5-6fd783297cfd','WORKSHOP','c4b3bb99-be34-4cd2-b646-5260a3858a1e','2025-09-12');
INSERT INTO engagement_milestone (engagement_id, template_id, stage, owner_user_id, due_date) VALUES ('3db7a704-b54c-4771-9bed-550ca3dc7a36','e6ff5fa2-5371-4294-a246-04ee9204999c','COMPLETED','c4b3bb99-be34-4cd2-b646-5260a3858a1e','2025-09-19');
INSERT INTO engagement_milestone (engagement_id, template_id, stage, owner_user_id, due_date) VALUES ('3db7a704-b54c-4771-9bed-550ca3dc7a36','55eb13d9-17dd-408c-9eca-ff3c9dd842bb','COMPLETED','5708481d-a67f-4691-b09f-5d73861362fb','2025-09-26');
INSERT INTO engagement_milestone (engagement_id, template_id, stage, owner_user_id, due_date) VALUES ('3db7a704-b54c-4771-9bed-550ca3dc7a36','223f8970-8354-433d-b4ba-0880cbfd428c','COMPLETED','c4b3bb99-be34-4cd2-b646-5260a3858a1e','2025-10-03');
INSERT INTO engagement_milestone (engagement_id, template_id, stage, owner_user_id, due_date) VALUES ('3db7a704-b54c-4771-9bed-550ca3dc7a36','299be52d-fc3f-46e7-b931-77d851652fb4','COMPLETED','5708481d-a67f-4691-b09f-5d73861362fb','2025-10-10');
INSERT INTO engagement_milestone (engagement_id, template_id, stage, owner_user_id, due_date) VALUES ('3db7a704-b54c-4771-9bed-550ca3dc7a36','e2f319b6-cf92-4a7c-a23d-34596af5ab01','COMPLETED','7a7f2301-9580-4183-884f-b7b693877aed','2025-10-17');
INSERT INTO engagement_milestone (engagement_id, template_id, stage, owner_user_id, due_date) VALUES ('3db7a704-b54c-4771-9bed-550ca3dc7a36','ea3e093c-c1a4-4fef-b287-549bbb406d26','NOT_STARTED','c4b3bb99-be34-4cd2-b646-5260a3858a1e','2025-10-24');
INSERT INTO engagement_milestone (engagement_id, template_id, stage, owner_user_id, due_date) VALUES ('7d9a7e76-16c1-48c9-937b-2fc6948353fa','e9bc7da7-1292-4e04-921d-2b60355d8838','NOT_STARTED','c4b3bb99-be34-4cd2-b646-5260a3858a1e','2025-07-08');
INSERT INTO engagement_milestone (engagement_id, template_id, stage, owner_user_id, due_date) VALUES ('7d9a7e76-16c1-48c9-937b-2fc6948353fa','b9f08006-fc9a-4cf2-9439-31e4b03b356f','NOT_STARTED','5708481d-a67f-4691-b09f-5d73861362fb','2025-07-15');
INSERT INTO engagement_milestone (engagement_id, template_id, stage, owner_user_id, due_date) VALUES ('7d9a7e76-16c1-48c9-937b-2fc6948353fa','6074a567-5f26-4b31-b7aa-269c624dfd1e','INITIAL_CALL','c4b3bb99-be34-4cd2-b646-5260a3858a1e','2025-07-22');
INSERT INTO engagement_milestone (engagement_id, template_id, stage, owner_user_id, due_date) VALUES ('7d9a7e76-16c1-48c9-937b-2fc6948353fa','c617d6fb-6d7b-4eff-ad42-faed241227ad','INITIAL_CALL','c4b3bb99-be34-4cd2-b646-5260a3858a1e','2025-07-29');
INSERT INTO engagement_milestone (engagement_id, template_id, stage, owner_user_id, due_date) VALUES ('7d9a7e76-16c1-48c9-937b-2fc6948353fa','04767d72-d4ab-403e-a790-664cc32ba694','COMPLETED','5708481d-a67f-4691-b09f-5d73861362fb','2025-08-05');
INSERT INTO engagement_milestone (engagement_id, template_id, stage, owner_user_id, due_date) VALUES ('7d9a7e76-16c1-48c9-937b-2fc6948353fa','7c157da1-d489-4cc0-962e-04ff7ba86c4f','NOT_STARTED','5708481d-a67f-4691-b09f-5d73861362fb','2025-08-12');
INSERT INTO engagement_milestone (engagement_id, template_id, stage, owner_user_id, due_date) VALUES ('7d9a7e76-16c1-48c9-937b-2fc6948353fa','8d769dd1-2f6f-4860-965e-31466f25a43d','WORKSHOP','c4b3bb99-be34-4cd2-b646-5260a3858a1e','2025-08-19');
INSERT INTO engagement_milestone (engagement_id, template_id, stage, owner_user_id, due_date) VALUES ('7d9a7e76-16c1-48c9-937b-2fc6948353fa','0a85366c-f9fd-4c4c-83b5-6fd783297cfd','WORKSHOP','7a7f2301-9580-4183-884f-b7b693877aed','2025-08-26');
INSERT INTO engagement_milestone (engagement_id, template_id, stage, owner_user_id, due_date) VALUES ('7d9a7e76-16c1-48c9-937b-2fc6948353fa','e6ff5fa2-5371-4294-a246-04ee9204999c','INITIAL_CALL','c4b3bb99-be34-4cd2-b646-5260a3858a1e','2025-09-02');
INSERT INTO engagement_milestone (engagement_id, template_id, stage, owner_user_id, due_date) VALUES ('7d9a7e76-16c1-48c9-937b-2fc6948353fa','55eb13d9-17dd-408c-9eca-ff3c9dd842bb','COMPLETED','c4b3bb99-be34-4cd2-b646-5260a3858a1e','2025-09-09');
INSERT INTO engagement_milestone (engagement_id, template_id, stage, owner_user_id, due_date) VALUES ('7d9a7e76-16c1-48c9-937b-2fc6948353fa','223f8970-8354-433d-b4ba-0880cbfd428c','COMPLETED','1fe1e753-d12f-427b-a089-bd9b7a931df6','2025-09-16');
INSERT INTO engagement_milestone (engagement_id, template_id, stage, owner_user_id, due_date) VALUES ('7d9a7e76-16c1-48c9-937b-2fc6948353fa','299be52d-fc3f-46e7-b931-77d851652fb4','COMPLETED','c4b3bb99-be34-4cd2-b646-5260a3858a1e','2025-09-23');
INSERT INTO engagement_milestone (engagement_id, template_id, stage, owner_user_id, due_date) VALUES ('7d9a7e76-16c1-48c9-937b-2fc6948353fa','e2f319b6-cf92-4a7c-a23d-34596af5ab01','COMPLETED','5708481d-a67f-4691-b09f-5d73861362fb','2025-09-30');
INSERT INTO engagement_milestone (engagement_id, template_id, stage, owner_user_id, due_date) VALUES ('7d9a7e76-16c1-48c9-937b-2fc6948353fa','ea3e093c-c1a4-4fef-b287-549bbb406d26','COMPLETED','7a7f2301-9580-4183-884f-b7b693877aed','2025-10-07');
